[
	{
		"name": "Milk"
	},
	{
		"name": "Eggs"
	},
	{
		"name": "Bread"
	},
	{
		"name": "Butter"
	},
	{
		"name": "Cheese"
	},
	{
		"name": "Chicken"
	},
	{
		"name": "Beef"
	},
	{
		"name": "Fish"
	},
	{
		"name": "Apples"
	},
	{
		"name": "Bananas"
	},
	{
		"name": "Oranges"
	},
	{
		"name": "Carrots"
	},
	{
		"name": "Potatoes"
	},
	{
		"name": "Tomatoes"
	},
	{
		"name": "Onions"
	},
	{
		"name": "Garlic"
	},
	{
		"name": "Rice"
	},
	{
		"name": "Pasta"
	},
	{
		"name": "Flour"
	},
	{
		"name": "Sugar"
	},
	{
		"name": "Salt"
	},
	{
		"name": "Pepper"
	},
	{
		"name": "Oil"
	},
	{
		"name": "Vinegar"
	},
	{
		"name": "Coffee"
	},
	{
		"name": "Tea"
	}
]
